"subject_code","topic","stem","choice_a","choice_b","choice_c","choice_d","correct","explanation","difficulty"
"AUD","Auditing in an IT Environment","An auditor reviews controls that govern who may log in to the financial reporting system and what data each user may access. These controls are best classified as:","General controls over access security","Application input edit checks","Application output controls","Application processing controls","A","Logical access security restricting user authentication and authorization is a general IT control affecting the whole environment, not an application-specific edit check.","1"
"AUD","Auditing in an IT Environment","A payroll program rejects any entry where the hours-worked field contains alphabetic characters. This is an example of which application control?","A limit or reasonableness check","A check digit","A field or format check","A hash total","C","A field/format (data type) check tests whether the content of a field is the correct type, here numeric, rejecting alphabetic input.","1"
"AUD","Auditing in an IT Environment","A system flags any single sales order exceeding P500,000 for supervisory approval before processing. This edit is a:","Validity check","Limit or reasonableness check","Check digit","Control total","B","A limit/reasonableness check tests whether an amount falls within a predetermined boundary; orders above the P500,000 ceiling are flagged.","1"
"AUD","Auditing in an IT Environment","Before posting a batch of 200 invoices, the clerk compares the manually computed sum of all invoice amounts with the total the system computed after entry. This procedure relies on a:","Check digit","Validity check","Field check","Control total","D","A control total reconciles a pre-computed batch monetary total to the system-generated total to detect omitted or altered records during input/processing.","1"
"AUD","Auditing in an IT Environment","An extra digit appended to a customer account number is mathematically derived from the other digits so the system can detect transposition errors at entry. This control is a:","Hash total","Check digit","Limit check","Completeness check","B","A check digit is a redundant digit computed from the account number itself, allowing the system to detect mis-keyed or transposed identifiers on input.","1"
"AUD","Auditing in an IT Environment","An entity totals the otherwise meaningless employee ID numbers in a batch purely to confirm no records were lost in processing. The resulting figure is a:","Hash total","Control total","Check digit","Record count","A","A hash total sums a field that has no intrinsic monetary meaning solely to verify completeness of processing; it is not used for any other purpose.","1"
"AUD","Auditing in an IT Environment","An entity has weak general controls over program changes. The MOST appropriate audit response is to:","Rely fully on application controls since they operate automatically","Issue an adverse opinion on internal control","Ignore IT and audit only manual controls","Increase substantive testing because application controls cannot be relied upon throughout the period","D","Weak general controls undermine the consistent operation of automated application controls all period, so the auditor reduces reliance on those controls and expands substantive procedures.","2"
"AUD","Auditing in an IT Environment","Auditing through the computer is preferable to auditing around the computer when:","Source documents and detailed printed outputs are readily available","The volume of transactions is very low","Transactions are processed by complex logic and leave little visible audit trail","Input and output can be reconciled manually with ease","C","Auditing around the computer ignores processing and tests only inputs against outputs; it is inadequate when complex logic and a thin audit trail make the processing itself a key risk.","2"
"AUD","Auditing in an IT Environment","An auditor processes a set of fictitious transactions, including deliberately invalid ones, through the clients live application to verify that programmed controls reject errors. This CAAT is:","Parallel simulation","Generalized audit software","Test data","An embedded audit module","C","The test data technique submits auditor-prepared valid and invalid transactions through the entitys program to observe whether programmed controls function as expected.","2"
"AUD","Auditing in an IT Environment","An auditor builds an independent program that reprocesses the clients actual transaction data and compares its output to the output of the clients system. This describes:","Test data","Parallel simulation","An integrated test facility","A hash total","B","Parallel simulation runs the entitys real data through an auditor-controlled program and compares results, testing whether the clients processing is correct.","2"
"AUD","Auditing in an IT Environment","A dummy department is established within the live system so the auditors test transactions process alongside real ones without affecting actual records. This technique is:","Parallel simulation","Generalized audit software","Test data run in a separate copy","An integrated test facility","D","An integrated test facility (ITF) seeds fictitious entities into the production system so auditor test data flows through normal processing and is later reversed.","3"
"AUD","Auditing in an IT Environment","An auditor wants to scan an entire 2,000,000-record receivables file to recompute aging, identify balances over the credit limit, and select a sample. The most efficient tool is:","Generalized audit software","Test data","An integrated test facility","An embedded audit module","A","Generalized audit software reads client files directly to perform recalculations, exception identification, stratification, and sampling across large data volumes.","2"
"AUD","Auditing in an IT Environment","Code inserted into the clients application that continuously captures transactions meeting auditor-defined criteria into a log for later review is best described as:","Parallel simulation","An embedded audit module","Test data","A check digit routine","B","Embedded audit modules are auditor-specified routines built into the application that flag and capture transactions of audit interest as they are processed in real time.","3"
"AUD","Auditing in an IT Environment","In a highly automated environment, the traditional segregation between authorization, recording, and custody is often compromised because:","Manual signatures are required at every step","Printed audit trails are always maintained indefinitely","Each transaction is reviewed by three separate clerks","One IT function may initiate, process, and update records without manual intervention","D","Automation concentrates incompatible functions; a single program or IT employee with broad access can perform tasks that would otherwise be segregated, raising control risk.","2"
"AUD","Auditing in an IT Environment","Which characteristic distinguishes online real-time processing from batch processing for audit purposes?","Master files are updated immediately as each transaction is entered","Transactions are accumulated and processed periodically in groups","A printed control total is always generated before processing","No edit checks are possible at the point of entry","A","In online real-time (OLRT) systems each transaction updates the master file immediately, so there is no batch grouping and the audit trail differs from batch systems.","2"
"AUD","Auditing in an IT Environment","An IT control prevents a programmer who writes application code from also having access to move that code into the live production environment. This is a general control over:","Application input validity","Application output distribution","Program change and segregation of incompatible IT duties","Reasonableness of processing","C","Separating development from the ability to migrate code to production is a general control preventing unauthorized program changes, a core IT segregation-of-duties safeguard.","2"
"AUD","Auditing in an IT Environment","A bank captures every ATM withdrawal and updates the depositors balance the instant the transaction occurs, with no batching. To test completeness of recorded withdrawals, an auditor would find MOST useful:","An embedded audit module logging transactions as they process","A monthly batch control total","Floor-to-sheet test counts","A check digit on the account number","A","In a real-time system with no batches, an embedded audit module capturing transactions as they occur provides ongoing evidence about the completeness of processing.","3"
"AUD","Substantive Tests: Cash, Receivables & Inventories","An auditor sends a standard bank confirmation primarily to obtain evidence about the existence of cash and to:","Confirm the entitys credit rating","Verify the reasonableness of interest income","Identify loans, guarantees, and other arrangements with the bank","Establish the banks own solvency","C","The standard bank confirmation corroborates deposit balances and also elicits information about loans, lines of credit, contingent liabilities, and other arrangements with the bank.","1"
"AUD","Substantive Tests: Cash, Receivables & Inventories","A cutoff bank statement obtained directly by the auditor is used MAINLY to:","Confirm the bank balance as of the next year-end","Verify reconciling items on the year-end bank reconciliation cleared properly afterward","Test the existence of receivables","Recompute interest expense on bank loans","B","A cutoff statement covering the period after year-end lets the auditor trace outstanding checks and deposits in transit to ensure reconciling items were genuine and cleared timely.","1"
"AUD","Substantive Tests: Cash, Receivables & Inventories","Per the bank statement the balance is P480,000. Deposits in transit are P60,000 and outstanding checks are P95,000. The bank erroneously charged the entity P10,000 for another customers check. The correct adjusted bank balance is:","P435,000","P425,000","P445,000","P455,000","D","Adjusted bank balance = 480,000 + 60,000 deposits in transit - 95,000 outstanding checks + 10,000 bank error to be corrected = P455,000.","2"
"AUD","Substantive Tests: Cash, Receivables & Inventories","The books show cash of P312,000. A P25,000 NSF check and P3,000 of bank service charges have not yet been recorded, and the entity omitted a P40,000 note collected by the bank on its behalf. The adjusted book balance is:","P284,000","P324,000","P380,000","P300,000","B","Adjusted book balance = 312,000 - 25,000 NSF - 3,000 service charge + 40,000 note collected by bank = P324,000.","2"
"AUD","Substantive Tests: Cash, Receivables & Inventories","An interbank transfer schedule shows a check deposited in Bank B and recorded on the books on Dec 30, but disbursed from and recorded as a deduction in Bank A only on Jan 3. This pattern indicates:","Kiting, which overstates cash at year-end","A legitimate transfer with no misstatement","Lapping of receivables","Window dressing of payables","A","When the deposit is recorded before year-end but the disbursement is recorded after, the same cash is counted in both banks at year-end, overstating cash; this is kiting.","3"
"AUD","Substantive Tests: Cash, Receivables & Inventories","On an interbank transfer schedule, the auditor sees a transfer where both the disbursement (Bank A) and the receipt (Bank B) were recorded on the books on December 31 and cleared the banks in early January. This transfer:","Is clear evidence of kiting","Proves lapping has occurred","Must be reversed as a misstatement","Is properly recorded and does not constitute kiting","D","Because the book disbursement and book receipt are recorded in the same period, cash is not double-counted; recording on the same date is the hallmark of a proper, non-kiting transfer.","2"
"AUD","Substantive Tests: Cash, Receivables & Inventories","A cashier conceals a shortage by applying todays collection from Customer X to yesterdays unrecorded collection from Customer Y, and so on. The control MOST likely to detect this is:","Reperforming the bank reconciliation only","Counting petty cash","Independent confirmation of receivables and comparison of remittance details to postings","Vouching purchase orders","C","Lapping is detected by confirming customer balances and comparing dates and amounts on remittances to the recorded postings, since the thief must continually delay postings.","2"
"AUD","Substantive Tests: Cash, Receivables & Inventories","A proof of cash for one month reconciles four elements simultaneously. These are:","Only beginning and ending balances","Receipts and outstanding checks only","Beginning balance, receipts, disbursements, and ending balance","Deposits in transit and NSF checks only","C","A proof of cash (four-column reconciliation) reconciles the bank and book figures for the opening balance, the periods receipts, the periods disbursements, and the ending balance.","1"
"AUD","Substantive Tests: Cash, Receivables & Inventories","Just before year-end management delays recording valid purchases and accelerates recording of customer collections to present a stronger current ratio. This is best described as:","Kiting","Window dressing","Lapping","A Type 1 subsequent event","B","Window dressing is the manipulation of period-end balances to make liquidity or financial position appear better than the underlying reality.","2"
"AUD","Substantive Tests: Cash, Receivables & Inventories","Negative confirmation requests for accounts receivable are appropriate when, among other conditions:","Control risk is high and individual balances are large","The auditor expects many disputed balances","Recipients are unlikely to read the request","Control risk is low, balances are numerous and small, and a low exception rate is expected","D","Negative confirmations, where the customer responds only if disagreeing, suit large populations of small balances with low assessed risk and an expectation that recipients will act on them.","1"
"AUD","Substantive Tests: Cash, Receivables & Inventories","A positive accounts-receivable confirmation is returned undelivered and a second request also fails. The BEST alternative procedure is to:","Examine subsequent cash receipts and supporting shipping documents for the balance","Conclude the balance is fairly stated with no further work","Send a negative confirmation instead","Write off the balance immediately","A","For non-responses, the auditor performs alternative procedures, principally vouching subsequent collections and inspecting shipping documents and invoices, to establish existence.","2"
"AUD","Substantive Tests: Cash, Receivables & Inventories","A customer responds to a confirmation that it owes P150,000, but the entitys ledger shows P180,000. Investigation reveals the entity recorded a December 30 shipment that the customer received January 4 under FOB destination terms. The receivable is overstated by:","P150,000","P30,000","P180,000","P0","B","Under FOB destination, title passes on receipt; the January 4 receipt means the December 30 sale and its P30,000 receivable should not have been recorded at year-end.","3"
"AUD","Substantive Tests: Cash, Receivables & Inventories","An entity recorded P200,000 of sales for goods shipped FOB shipping point on December 31 that the customer received January 5. Regarding the year-end financial statements, this sale was:","Recorded one period too early and must be reversed","An understatement of receivables","A consignment that should be excluded","Properly recorded as a year-end sale and receivable","D","Under FOB shipping point, title transfers when goods leave the seller; a December 31 shipment is correctly a current-period sale and receivable even if received in January.","2"
"AUD","Substantive Tests: Cash, Receivables & Inventories","When testing the reasonableness of the allowance for doubtful accounts, an auditor MOST directly evaluates the:","Aging of receivables and historical and current collection experience","Physical existence of inventory","Validity of program change controls","Bank reconciliation reconciling items","A","Allowance adequacy is assessed by examining the aging schedule, historical loss rates, subsequent collections, and current economic and customer-specific conditions.","2"
"AUD","Substantive Tests: Cash, Receivables & Inventories","An auditors attendance at the physical inventory count is required when inventory is material and attendance is practicable. If attendance is impracticable, the auditor should:","Always issue a disclaimer of opinion","Omit any inventory procedures","Perform alternative procedures, such as inspecting documentation of subsequent sales of specific items counted","Rely solely on managements representation","C","When attendance is impracticable, the auditor performs alternative procedures to obtain sufficient evidence about existence and condition; only if none are possible is the opinion modified.","2"
"AUD","Substantive Tests: Cash, Receivables & Inventories","An auditor selects items listed on the inventory compilation sheets and traces each to the goods on the warehouse floor. This sheet-to-floor direction primarily tests:","Existence of recorded inventory","Completeness of inventory","Net realizable value","Proper cutoff of purchases","A","Tracing from the records (sheets) to the physical goods (floor) tests whether recorded items actually exist; the reverse direction tests completeness.","1"
"AUD","Substantive Tests: Cash, Receivables & Inventories","To detect inventory on hand that was never recorded, the auditor should make test counts on the floor and trace them to the inventory sheets. This floor-to-sheet direction tests:","Existence of inventory","Valuation at the lower of cost and NRV","Completeness of inventory","Rights and obligations","C","Tracing from physical goods (floor) to the records (sheets) detects unrecorded items, addressing the completeness assertion.","1"
"AUD","Substantive Tests: Cash, Receivables & Inventories","Goods held by the entity on consignment from a supplier were mistakenly counted in the year-end physical inventory. The effect is that inventory and the related liability or cost figures are:","Understated, because consignment goods belong to the entity","Overstated, because consigned-in goods are not the entitys asset","Correctly stated","Irrelevant to the financial statements","B","Goods held on consignment belong to the consignor; including them overstates the consignees inventory and must be excluded from the count.","1"
"AUD","Substantive Tests: Cash, Receivables & Inventories","A units cost is P500 but its estimated selling price is P560 with estimated costs to complete and sell of P90. Under lower of cost and NRV, the unit should be carried at:","P500","P560","P560 less P500","P470","D","NRV = selling price 560 - costs to complete and sell 90 = 470, which is below cost of 500, so the inventory is written down to P470.","2"
"AUD","Substantive Tests: Cash, Receivables & Inventories","Some of the entitys inventory is stored in a public warehouse operated by a third party. In addition to confirming with the custodian, when amounts are significant the auditor should consider:","Relying only on the custodians confirmation regardless of amount","Performing additional procedures such as observing or arranging a physical count at the warehouse","Excluding the goods from inventory entirely","Issuing a qualified opinion automatically","B","Direct confirmation with the holder is the basic procedure, but when third-party inventory is significant the auditor obtains further evidence by observation, a count, or reviewing the warehouses controls.","2"
"AUD","Substantive Tests: Cash, Receivables & Inventories","Physical inventory was counted on December 7, one week before the December 31 year-end. To audit the year-end balance, the auditor performs a roll-forward, which means:","Reconciling the count date balance to year-end by adding purchases and deducting sales for the interval","Counting again on the last day of the year","Rolling the balance back to the prior year-end","Ignoring transactions between count date and year-end","A","A roll-forward updates the physical count taken before year-end to the balance-sheet date by accounting for intervening purchases, sales, and other movements.","2"
"AUD","Substantive Tests: Cash, Receivables & Inventories","On December 31 the entity received goods (FOB shipping point) and included them in the physical count, but the related purchase invoice was not recorded until January. The immediate effect before correction is:","Inventory is overstated and payables are correct","Both inventory and payables are overstated","Net income is understated","Inventory is correct but accounts payable and purchases are understated","D","The goods belong in year-end inventory under FOB shipping point, so counting them is right; failing to record the payable understates liabilities and purchases.","3"
"AUD","Substantive Tests: Cash, Receivables & Inventories","An entity excluded from its count P120,000 of its own goods that were out on consignment with a dealer at year-end. The correct treatment is that the entity should:","Leave them excluded because the dealer holds them","Record them as a sale","Add the P120,000 to inventory because consigned-out goods remain its asset until sold","Treat them as the dealers inventory","C","Goods out on consignment remain the consignors inventory until the consignee sells them; excluding them understates the entitys inventory and they must be added back.","2"
"AUD","Substantive Tests: Cash, Receivables & Inventories","A positive confirmation reply states the customer paid in full before year-end, yet the entity still shows a P75,000 balance for that customer. Assuming the payment was valid and uncredited, receivables are:","Understated by P75,000","Correctly stated","Overstated by P75,000, suggesting a possible lapping or posting error","Overstated by the full ledger total","C","A valid payment not credited to the customers account means the receivable should be lower; the P75,000 overstatement warrants investigation, including for lapping.","3"
"AUD","Substantive Tests: Cash, Receivables & Inventories","An entity holds undeposited collections of P30,000 at year-end and records them as cash. To verify these are not fictitious, the auditor would MOST appropriately:","Send a bank confirmation only","Perform a surprise cash count and trace the items to subsequent deposit on the cutoff statement","Confirm receivables","Recompute depreciation","B","Counting undeposited cash and tracing it to the next deposit per the cutoff statement establishes that the funds existed and were genuinely deposited.","2"
"AUD","Substantive Tests: PPE, Investments & Intangibles","To establish that current-period additions to machinery actually occurred and belong to the entity, the auditor would primarily:","Confirm the additions with customers","Trace the additions to the production budget","Recompute the allowance for doubtful accounts","Vouch additions to supporting invoices, contracts, and evidence of payment","D","Vouching recorded additions to vendor invoices, purchase contracts, and proof of payment tests occurrence, valuation, and rights for PPE acquisitions.","1"
"AUD","Substantive Tests: PPE, Investments & Intangibles","An auditor scans the repairs-and-maintenance expense account looking for large or unusual items. The primary purpose is to detect:","Capitalizable expenditures that were improperly expensed, affecting completeness of PPE","Unrecorded liabilities to suppliers","Fictitious sales transactions","Errors in the bank reconciliation","A","Reviewing repairs and maintenance for items that should have been capitalized addresses the completeness of PPE and the proper classification between asset and expense.","2"
"AUD","Substantive Tests: PPE, Investments & Intangibles","The audit procedure that BEST addresses the search for unrecorded retirements of equipment is to:","Vouch all additions to invoices","Inspect the plant for assets no longer present and trace major additions that replaced old assets","Confirm equipment with the manufacturer","Recompute depreciation on remaining assets","B","Touring the facility for missing assets, examining records of replacements, and reviewing disposal documentation help detect retirements that were never recorded.","2"
"AUD","Substantive Tests: PPE, Investments & Intangibles","Equipment costing P800,000 with no residual value is depreciated straight-line over 8 years. After exactly 3 full years, the accumulated depreciation should be:","P100,000","P500,000","P266,667","P300,000","D","Annual depreciation = 800,000 / 8 = 100,000; after 3 years accumulated depreciation = 100,000 x 3 = P300,000.","2"
"AUD","Substantive Tests: PPE, Investments & Intangibles","A building costing P5,000,000 with a P500,000 residual value and a 20-year life is depreciated straight-line. The annual depreciation the auditor should expect is:","P225,000","P250,000","P275,000","P200,000","A","Depreciable base = 5,000,000 - 500,000 = 4,500,000; annual depreciation = 4,500,000 / 20 = P225,000.","2"
"AUD","Substantive Tests: PPE, Investments & Intangibles","Interest incurred on funds borrowed specifically to construct a qualifying asset during its construction period should be:","Expensed immediately in all cases","Recorded as a prepaid asset","Capitalized as part of the cost of the asset","Deducted from equity","C","Borrowing costs directly attributable to acquiring or constructing a qualifying asset are capitalized during the construction period under the borrowing-cost standard.","2"
"AUD","Substantive Tests: PPE, Investments & Intangibles","The entity capitalized P900,000 of interest on a warehouse during the year. P600,000 of the interest related to the active construction period and P300,000 related to a period after the asset was substantially complete and ready for use. The overstatement of capitalized cost is:","P300,000","P600,000","P900,000","P0","A","Capitalization ceases when the asset is substantially complete and ready for use; the P300,000 of post-completion interest should have been expensed, overstating the asset by P300,000.","3"
"AUD","Substantive Tests: PPE, Investments & Intangibles","To verify the existence of marketable securities held by an independent custodian on the entitys behalf, the MOST appropriate procedure is:","Physical count of the entitys cash","Recomputation of depreciation","Confirmation directly with the custodian","Inspection of the entitys sales invoices","C","When securities are held by a third-party custodian, direct confirmation with that custodian provides reliable external evidence of their existence.","2"
"AUD","Substantive Tests: PPE, Investments & Intangibles","Under the fair value hierarchy, a quoted price in an active market for an identical equity security is classified as a:","Level 2 input","Level 1 input","Level 3 input","Non-financial input","B","Level 1 inputs are unadjusted quoted prices in active markets for identical assets, the most reliable and highest-priority fair value input.","1"
"AUD","Substantive Tests: PPE, Investments & Intangibles","An investor owns 30% of an associate and applies the equity method. The associate reported net income of P2,000,000 and paid dividends of P500,000. The carrying amount of the investment should change by:","Increase of P600,000","Increase of P750,000","Decrease of P150,000","Increase of P450,000","D","Share of profit = 30% x 2,000,000 = 600,000 increase; dividends received = 30% x 500,000 = 150,000 decrease; net change = 600,000 - 150,000 = P450,000 increase.","3"
"AUD","Substantive Tests: PPE, Investments & Intangibles","The entity holds bonds with a face value of P4,000,000 and a stated rate of 6% paid annually, acquired at par at the start of the year. The interest income the auditor should expect for the year is:","P200,000","P240,000","P360,000","P24,000","B","Interest income at par = 4,000,000 x 6% = P240,000 for the full year.","2"
"AUD","Substantive Tests: PPE, Investments & Intangibles","When auditing goodwill, the auditor focuses primarily on:","The reasonableness of managements annual impairment assessment","Recomputing straight-line amortization of the goodwill","Confirming the goodwill with a custodian","Vouching goodwill to a purchase invoice","A","Goodwill is not amortized; it is tested at least annually for impairment, so the auditor evaluates the assumptions and methodology of the impairment review.","1"
"AUD","Substantive Tests: PPE, Investments & Intangibles","A patent costing P600,000 is amortized straight-line over its 10-year legal life with no residual value. After 4 years the carrying amount the auditor should expect is:","P240,000","P300,000","P150,000","P360,000","D","Annual amortization = 600,000 / 10 = 60,000; after 4 years accumulated amortization = 240,000; carrying amount = 600,000 - 240,000 = P360,000.","2"
"AUD","Substantive Tests: PPE, Investments & Intangibles","An entity recorded a gain on disposal of a delivery van. To test the gain, the auditor would recompute it as:","Proceeds less original cost","Carrying amount less accumulated depreciation","Proceeds less the assets carrying amount at disposal","Original cost less residual value","C","Gain or loss on disposal equals net proceeds minus the carrying amount (cost less accumulated depreciation) at the date of disposal.","1"
"AUD","Substantive Tests: PPE, Investments & Intangibles","An auditor finds that a P250,000 expenditure to replace a roof, extending the buildings useful life, was charged entirely to repairs expense. The effect is that:","PPE is overstated and expenses are understated","Both PPE and expenses are overstated","PPE is understated and expenses are overstated","There is no misstatement","C","A betterment that extends useful life should be capitalized; expensing it understates PPE and overstates expenses, the opposite of the more common capitalization error.","2"
"AUD","Substantive Tests: PPE, Investments & Intangibles","An equity investment measured at fair value through profit or loss had a cost of P1,000,000 and a year-end quoted market value of P1,150,000. The unrealized amount the auditor should expect in profit or loss is:","A loss of P150,000","A gain of P150,000","A gain of P1,150,000","No effect, since it is unrealized","B","For investments at FVTPL, the change to fair value is recognized in profit or loss; 1,150,000 - 1,000,000 = a P150,000 unrealized gain.","2"
"AUD","Substantive Tests: PPE, Investments & Intangibles","An auditor recomputes depreciation for the fleet and obtains a total P40,000 higher than the entity recorded, because the entity used a longer useful life than supportable. This indicates depreciation expense is:","Overstated, and the asset is understated","Correctly stated","Overstated by P40,000","Understated, and accumulated depreciation is understated","D","Using too long a life records too little depreciation; expense and accumulated depreciation are both understated, while net PPE is correspondingly overstated.","3"
"AUD","Substantive Tests: Liabilities & Equity","The principal audit objective of the search for unrecorded liabilities is to address the:","Completeness assertion for accounts payable and accrued liabilities","Existence assertion for receivables","Valuation assertion for inventory","Rights assertion for PPE","A","The search for unrecorded liabilities targets completeness, ensuring that all obligations existing at year-end have been recorded.","1"
"AUD","Substantive Tests: Liabilities & Equity","Which procedure is MOST effective in the search for unrecorded liabilities?","Confirm large recorded payables with vendors","Examine disbursements made after year-end and unmatched receiving reports for obligations belonging to the period under audit","Recompute the gain on sale of equipment","Vouch capital-stock issuances to the minutes","B","Reviewing subsequent cash disbursements and unmatched receiving reports identifies goods or services received before year-end whose liabilities were not yet recorded.","2"
"AUD","Substantive Tests: Liabilities & Equity","When confirming accounts payable, auditors often emphasize vendors with small or zero recorded balances because:","Small balances are easier to confirm","Large balances are never misstated","Zero balances cannot be confirmed","Understatement of payables is the primary risk, and large purchasers may be omitted or understated","D","Unlike receivables, the payable risk is understatement; vendors showing small or zero balances may actually be owed material amounts, so they are deliberately included.","1"
"AUD","Substantive Tests: Liabilities & Equity","A receiving report dated December 29 has no matching recorded purchase invoice or payable at year-end. This most likely indicates:","An unrecorded liability that overstates net income if uncorrected","An overstated liability","A fictitious sale","A valid cutoff with no issue","A","Goods received before year-end create an obligation; an unmatched receiving report signals a payable and purchase that were not recorded, understating liabilities and expenses.","2"
"AUD","Substantive Tests: Liabilities & Equity","An entity reports interest expense of P150,000 for the year. The auditor knows of recorded debt that would generate only P110,000 of interest at the contractual rates. This discrepancy most likely suggests:","Interest expense is overstated and should be reduced","Equity is understated","Unrecorded interest-bearing debt exists","A prepaid asset was omitted","C","Recorded interest substantially exceeding the interest implied by recorded debt suggests there are borrowings the entity has not recorded, an understatement of liabilities.","3"
"AUD","Substantive Tests: Liabilities & Equity","To obtain independent evidence about the principal amount and terms of an outstanding bond issue, the auditor would:","Confirm with the bond trustee","Inspect the treasury share certificates","Recompute depreciation","Confirm with the entitys customers","A","The bond trustee maintains records of the bonds outstanding, interest paid, and sinking-fund activity, providing reliable external confirmation of the liability.","2"
"AUD","Substantive Tests: Liabilities & Equity","A loan agreement requires the entity to maintain a current ratio of at least 1.5 to 1. The auditors review of debt covenant compliance is important mainly because:","Covenants determine the depreciation method","Covenants establish the fair value hierarchy","A covenant breach may make long-term debt currently payable and may raise going-concern doubt","Covenants confirm receivable existence","C","Violating a covenant can trigger acceleration, reclassifying noncurrent debt as current and affecting liquidity and going-concern assessments, so it must be evaluated and disclosed.","2"
"AUD","Substantive Tests: Liabilities & Equity","To verify that the number of shares issued and outstanding is properly stated, an auditor of a company that uses an independent registrar would:","Count the cash on hand","Confirm shares issued and outstanding with the registrar or transfer agent","Vouch repairs and maintenance expense","Confirm receivables with customers","B","An independent registrar and transfer agent maintain authoritative records of shares issued and outstanding; confirmation provides reliable external evidence.","2"
"AUD","Substantive Tests: Liabilities & Equity","Authorization for a new issuance of capital stock and for dividend declarations is BEST evidenced by examining:","Vendor invoices","Bank cutoff statements","Customer remittance advices","The articles of incorporation and minutes of board and shareholder meetings","D","Equity transactions require corporate authorization; the articles of incorporation and minutes document authorized capital and the approval of issuances and dividends.","2"
"AUD","Substantive Tests: Liabilities & Equity","An entity declared a cash dividend of P3 per share on 200,000 shares issued, of which 20,000 are held in treasury. The dividend the auditor should expect to be recorded is:","P600,000","P540,000","P60,000","P480,000","B","Dividends are paid only on outstanding shares: (200,000 - 20,000) x P3 = 180,000 x 3 = P540,000.","3"
"AUD","Substantive Tests: Liabilities & Equity","When auditing treasury shares, the auditor ordinarily:","Inspects the share certificates on hand and verifies they are recorded at cost as a deduction from equity","Confirms them as a liability with the trustee","Recognizes a gain on their reacquisition","Counts them as outstanding for dividend purposes","A","Treasury shares are inspected for existence and, under the cost method, are shown as a contra-equity item; no gain or loss is recognized on reacquisition.","1"
"AUD","Substantive Tests: Liabilities & Equity","Beginning retained earnings were P2,000,000. Net income was P800,000 and dividends declared were P300,000. The auditor expects ending retained earnings of:","P3,100,000","P2,900,000","P1,500,000","P2,500,000","D","Ending RE = 2,000,000 + 800,000 net income - 300,000 dividends = P2,500,000.","2"
"AUD","Substantive Tests: Liabilities & Equity","An appropriation of retained earnings for a planned plant expansion of P1,000,000 should be reflected by the auditor as:","An expense of the period","A reduction of total equity","A restriction within equity that does not reduce total retained earnings or set aside cash","A current liability","C","An appropriation merely earmarks a portion of retained earnings as restricted from dividends; total retained earnings and equity are unchanged and no cash is segregated.","2"
"AUD","Substantive Tests: Liabilities & Equity","A vendors statement shows the entity owes P420,000, but the entitys recorded payable is P380,000. The difference is a December 28 shipment received January 2 under FOB shipping point. The accounts payable is:","Overstated by P40,000","Correctly stated","Understated by P40,000","Understated by P420,000","C","Under FOB shipping point, title and the obligation pass when goods are shipped on December 28, so the P40,000 payable should be recorded at year-end; payables are understated.","3"
"AUD","Substantive Tests: Liabilities & Equity","An auditor recomputes accrued interest on a P2,000,000, 9% note outstanding for the last 4 months of the year. The accrual that should appear at year-end is:","P180,000","P60,000","P45,000","P90,000","B","Accrued interest = 2,000,000 x 9% x 4/12 = 180,000 x 4/12 = P60,000.","2"
"AUD","Substantive Tests: Liabilities & Equity","In testing purchases cutoff for liabilities, the auditor examines receiving reports for several days before and after year-end primarily to ensure that:","Sales are recorded in the correct period","Depreciation is properly computed","Treasury shares are properly valued","Liabilities are recorded in the period the goods were received","D","Purchases cutoff testing matches receiving dates to recorded payables so obligations fall in the correct period, mainly guarding against understated liabilities.","2"
"AUD","Substantive Tests: Liabilities & Equity","An entity reacquired 5,000 of its own shares for P50 each and later reissued 2,000 of them for P60 each, using the cost method. The auditor should verify that the reissuance was recorded as:","Cash P120,000, treasury shares credited P100,000, and P20,000 to share premium from treasury","A P20,000 gain in profit or loss","A P120,000 increase in retained earnings","A reduction of par value","A","Under the cost method, reissuing 2,000 shares costing P50 for P60 credits treasury shares at cost (2,000 x 50 = 100,000) and the P20,000 excess to share premium, never to income.","3"
"AUD","Completing the Audit","After year-end but before the audit report date, a major customer that was already in financial difficulty at year-end declared bankruptcy, confirming a receivable was uncollectible at the balance-sheet date. This is:","A Type 2 (non-adjusting) event requiring disclosure only","A Type 1 (adjusting) subsequent event requiring adjustment of the financial statements","An event requiring no action","A going-concern matter for the auditor only","B","A Type 1 event provides evidence of conditions that existed at the balance-sheet date; the receivable was already impaired, so the financial statements are adjusted.","2"
"AUD","Completing the Audit","After year-end a fire destroyed a major warehouse that was undamaged and fully operational at the balance-sheet date. This is:","A Type 1 event requiring adjustment","An event requiring restatement of revenue","A matter requiring a qualified opinion","A Type 2 (non-adjusting) event requiring disclosure if material","D","A Type 2 event reflects conditions arising after the balance-sheet date; the loss is not adjusted but is disclosed if material to the users understanding.","2"
"AUD","Completing the Audit","Procedures to identify subsequent events between the balance-sheet date and the audit report date include:","Reading minutes of meetings and inquiring of management about post-year-end developments","Confirming all receivables a second time","Reperforming the entire inventory count","Recomputing all depreciation schedules","A","Subsequent-events procedures include reading post-year-end minutes, reviewing latest interim statements, and inquiring of management and counsel about developments after year-end.","2"
"AUD","Completing the Audit","When the auditor extends procedures for one specific subsequent event after the original report date but does not perform a full updated review, the auditor uses:","A disclaimer of opinion","An adverse opinion","Dual dating of the report","Withdrawal from the engagement","C","Dual dating limits the auditors responsibility for events after the original report date to the specific later event identified, e.g., dated March 1, 2026, except for Note X, as to which the date is March 15, 2026.","3"
"AUD","Completing the Audit","A letter of inquiry sent to the entitys external legal counsel is the auditors primary means of corroborating managements information about:","Litigation, claims, and assessments","The fair value of inventory","Depreciation methods","Bank reconciliations","A","The legal letter (letter of audit inquiry) obtains the lawyers assessment of pending or threatened litigation, claims, and assessments and their likely outcomes.","2"
"AUD","Completing the Audit","The entitys external legal counsel refuses to respond to the auditors letter of inquiry, and there are no alternative procedures to satisfy the auditor about material litigation. The likely effect on the report is:","No effect on the opinion","An adverse opinion automatically","A scope limitation that may lead to a qualified opinion or disclaimer","An emphasis of matter paragraph only","C","A lawyers refusal to respond, when material and not resolved by other means, is a scope limitation; depending on materiality and pervasiveness it leads to a qualified opinion or a disclaimer.","3"
"AUD","Completing the Audit","Under PSA 580, the written representations from management are ordinarily dated:","One year before the report date","As near as practicable to, but not after, the date of the auditors report","Only at the start of the engagement","After the financial statements are filed","B","Written representations should cover all periods in the report and be dated as near as practicable to, but not after, the date of the auditors report, since the report cannot be dated earlier.","1"
"AUD","Completing the Audit","Management refuses to provide the written representations required under PSA 580 about its responsibility for the financial statements. The auditor should:","Issue an unmodified opinion with an emphasis of matter","Issue a qualified opinion only","Ignore the refusal if other evidence is strong","Disclaim an opinion or withdraw, as the refusal is a pervasive scope limitation","D","Refusal to provide required written representations casts doubt on managements integrity and is a pervasive limitation; the auditor disclaims an opinion or withdraws where permitted.","3"
"AUD","Completing the Audit","Under PSA 570, managements assessment of going concern should cover a period from the balance-sheet date of at least:","Three months","Twelve months","Six months","Twenty-four months","B","PSA 570 requires that managements going-concern assessment cover at least twelve months from the financial reporting date, and the auditor evaluates that period.","1"
"AUD","Completing the Audit","A material going-concern uncertainty exists, management has adequately disclosed it, and the use of the going-concern basis is appropriate. The auditor should:","Express an unmodified opinion with a separate Material Uncertainty Related to Going Concern section","Issue a qualified opinion","Issue an adverse opinion","Disclaim an opinion","A","When the uncertainty is adequately disclosed and the basis is appropriate, the opinion is unmodified but a separate Material Uncertainty Related to Going Concern section is added.","3"
"AUD","Completing the Audit","If a material going-concern uncertainty is NOT adequately disclosed in the financial statements, the auditor should:","Express an unmodified opinion","Add only an emphasis of matter paragraph","Disclaim an opinion","Express a qualified or adverse opinion as appropriate","D","Inadequate disclosure of a material going-concern uncertainty is a material misstatement; the auditor issues a qualified or adverse opinion depending on pervasiveness.","2"
"AUD","Completing the Audit","Final analytical procedures performed near the end of the audit are intended to:","Identify the population for confirmation","Replace tests of details for all accounts","Assist in forming an overall conclusion on whether the financial statements are consistent with the auditors understanding of the entity","Establish initial materiality","C","At the overall review stage, analytical procedures help the auditor assess whether the financial statements as a whole are consistent with expectations and corroborate conclusions reached.","2"
"AUD","Completing the Audit","The auditor accumulated uncorrected misstatements: receivables overstated P120,000, inventory overstated P90,000, and accrued expenses understated P70,000. Overall materiality is P250,000. The aggregate effect on pretax income and the conclusion are:","Income overstated by P140,000, below materiality","Income understated by P280,000","Income overstated by P280,000, which exceeds materiality, so the misstatements are material","No net effect on income","C","Each item overstates income: 120,000 (AR) + 90,000 (inventory) + 70,000 (understated expense) = P280,000 overstatement, exceeding the P250,000 materiality threshold.","3"
"AUD","Audit Reports & Opinions","Under PSA 700 (revised), the elements of the auditors report are presented in an order that begins with:","The auditors responsibilities, followed by the opinion","The Opinion section, followed by the Basis for Opinion section","Key audit matters, followed by the opinion","The signature, followed by the opinion","B","The revised report leads with the Opinion section, immediately followed by the Basis for Opinion, to place the auditors conclusion at the forefront.","1"
"AUD","Audit Reports & Opinions","Key Audit Matters communicated under PSA 701 are required to be included in the auditors report for:","All audits of all entities without exception","Only entities receiving a qualified opinion","Only first-year audits","Audits of complete sets of general purpose financial statements of listed entities","D","PSA 701 mandates a Key Audit Matters section for audits of listed entities; for others it is communicated only when required by law or voluntarily agreed.","1"
"AUD","Audit Reports & Opinions","A misstatement is material but not pervasive to the financial statements. The appropriate opinion is:","A qualified (except for) opinion","An adverse opinion","A disclaimer of opinion","An unmodified opinion","A","A material but not pervasive misstatement warrants a qualified opinion; an adverse opinion is reserved for misstatements that are both material and pervasive.","2"
"AUD","Audit Reports & Opinions","Misstatements are both material and pervasive to the financial statements as a whole. The appropriate opinion is:","A qualified opinion","An adverse opinion","A disclaimer of opinion","An unmodified opinion with emphasis of matter","B","When misstatements are material and pervasive, the financial statements as a whole are misleading, so the auditor expresses an adverse opinion.","2"
"AUD","Audit Reports & Opinions","The auditor is unable to obtain sufficient appropriate evidence about an account, and the possible effects of the undetected misstatements could be both material and pervasive. The appropriate opinion is:","An adverse opinion","A qualified opinion","An unmodified opinion","A disclaimer of opinion","D","A scope limitation whose possible effects are material and pervasive precludes forming an opinion, so the auditor disclaims an opinion.","2"
"AUD","Audit Reports & Opinions","A scope limitation results in a possible misstatement that is material but not pervasive. The auditor should issue:","A qualified (except for) opinion","A disclaimer of opinion","An adverse opinion","An unmodified opinion","A","A scope limitation that is material but not pervasive leads to a qualified opinion; pervasiveness would instead require a disclaimer.","2"
"AUD","Audit Reports & Opinions","An Emphasis of Matter paragraph in the auditors report is used to:","Modify the opinion to qualified","Report a material misstatement","Draw users attention to a matter properly presented or disclosed that is fundamental to their understanding, without modifying the opinion","Substitute for a Key Audit Matter","C","An Emphasis of Matter paragraph highlights a matter appropriately presented or disclosed in the statements; it does not modify the auditors opinion.","1"
"AUD","Audit Reports & Opinions","The distinction between an Emphasis of Matter and an Other Matter paragraph is that an Other Matter paragraph refers to:","A matter not presented or disclosed in the financial statements that is relevant to users understanding","A matter that is presented in the financial statements","A reason to qualify the opinion","A required Key Audit Matter","A","An Other Matter paragraph addresses something relevant to users that is not presented or disclosed in the statements, whereas Emphasis of Matter relates to something that is disclosed.","2"
"AUD","Audit Reports & Opinions","Under the corresponding figures approach to comparatives, the auditors opinion:","Expresses a separate opinion on each period presented","Is always modified for the prior period","Refers to the current period only, with prior-period figures as an integral part of the current statements","Omits the prior period entirely","C","Under corresponding figures, prior-period amounts are part of the current-period statements and the opinion addresses the current period only, unlike comparative financial statements where each period gets an opinion.","3"
"AUD","Audit Reports & Opinions","Under PSA 720, the auditors responsibility with respect to other information in a document containing the audited financial statements is to:","Express an audit opinion on the other information","Read the other information and consider whether it is materially inconsistent with the financial statements or the auditors knowledge","Ignore the other information entirely","Restate the other information","B","PSA 720 requires the auditor to read the other information and consider material inconsistencies or misstatements, but the auditor does not express an opinion or conclusion that provides assurance on it.","2"
"AUD","Audit Reports & Opinions","The date of the auditors report should be no earlier than the date on which the auditor has:","Begun planning the engagement","Completed the interim testing","Delivered the engagement letter","Obtained sufficient appropriate evidence, including evidence that the financial statements have been approved by those with recognized authority","D","The report is dated no earlier than the date the auditor obtained sufficient appropriate evidence, including that all statements and notes were prepared and those with authority approved them.","2"
"AUD","Audit Reports & Opinions","The auditors report is ordinarily addressed to:","The external legal counsel","Those for whom the report is prepared, often the shareholders or those charged with governance","The entitys bank only","The audit firms managing partner","B","Reports are addressed as required by the engagement circumstances, commonly to the shareholders or those charged with governance of the entity whose statements are audited.","1"
"AUD","Audit Reports & Opinions","An entity declines to capitalize a finance lease, instead expensing the payments, resulting in a misstatement the auditor judges material but confined to specific accounts and not pervasive. The auditor should issue:","A qualified opinion describing the departure in the Basis for Qualified Opinion section","An adverse opinion","A disclaimer of opinion","An unmodified opinion with an Other Matter paragraph","A","A material but non-pervasive misstatement from a misapplication of the reporting framework warrants a qualified opinion, with the matter explained in the Basis for Qualified Opinion section.","3"
